{"cameraMode":{"drawMode":0,"name":"Shaded","section":"Shading Mode"},"sceneLighting":false,"audioPlay":false,"sceneViewState":{"showFog":true,"showMaterialUpdate":false,"showSkybox":false,"showFlares":true,"showImageEffects":true,"showParticleSystems":true},"in2DMode":false,"pivot":{"x":0.20126989483833314,"y":0.41763514280319216,"z":-0.3800910711288452},"rotation":{"x":-0.10826216638088227,"y":0.04948319494724274,"z":-0.005395763553678989,"w":-0.9928778409957886},"size":0.8163748979568481,"orthographic":false}